Project,Logistic Regression,Neural Net,Linear SVM,RBF SVM,Random Forest,Ridge Classifier,Gaussian Process,Nearest Neighbors,AdaBoost,Decision Tree,Naive Bayes,QDA
eBay_parallec,1.0,1.0,1.0,1.0,1.0,1.0,0.9696969696969696,0.9696969696969696,0.9411764705882352,0.9333333333333332,0.0,0.0
jMotif_GI,0.8695652173913043,0.8695652173913043,0.7692307692307692,0.0,0.0,0.0,0.8695652173913043,0.0,0.0,0.0,0.0,0.0
tracee_contextlogger,0.8000000000000002,0.8000000000000002,0.7741935483870968,0.8571428571428571,0.8000000000000002,0.7741935483870968,0.8000000000000002,0.8571428571428571,0.1428571428571428,0.7741935483870968,0.0,0.0
jMotif_SAX,0.7894736842105263,0.7894736842105263,0.7894736842105263,0.7894736842105263,0.8108108108108109,0.7894736842105263,0.8108108108108109,0.8108108108108109,0.0,0.8108108108108109,0.0,0.0
ksclarke_solr-iso639-filter,0.72,0.7536231884057971,0.7323943661971831,0.7164179104477612,0.7246376811594203,0.72,0.7428571428571429,0.6842105263157895,0.0,0.7058823529411763,0.0,0.0
Average,0.8358077803203662,0.8425324180015256,0.8130584736051152,0.6726068903602289,0.6670896983940463,0.6567334465195247,0.8385860281512457,0.6643722327932854,0.21680672268907558,0.6448440090944835,0.0,0.0
Median,0.8179038901601832,0.8212662090007629,0.7818336162988115,0.7529457973291438,0.7623188405797102,0.7470967741935484,0.8246984194810283,0.7475106685633002,0.0714285714285714,0.7400379506641366,0.0,0.0
