Project,Gaussian Process,Linear SVM,Logistic Regression,Neural Net,Nearest Neighbors,RBF SVM,Random Forest,Ridge Classifier,AdaBoost,Decision Tree,Naive Bayes,QDA
eBay_parallec,1.0,1.0,1.0,1.0,1.0,1.0,1.0,1.0,1.0,0.875,0.0,0.0
tracee_contextlogger,0.9230769230769232,0.9230769230769232,0.9230769230769232,0.9230769230769232,0.9230769230769232,0.9230769230769232,0.9230769230769232,0.9230769230769232,0.0769230769230769,0.9230769230769232,0.0,0.0
jMotif_GI,0.8333333333333334,0.8333333333333334,0.8333333333333334,0.8333333333333334,0.0,0.0,0.0,0.0,0.0,0.0,0.0,0.0
jMotif_SAX,0.6818181818181818,0.6818181818181818,0.6818181818181818,0.6818181818181818,0.6818181818181818,0.6818181818181818,0.6818181818181818,0.6818181818181818,0.0,0.6818181818181818,0.0,0.0
ksclarke_solr-iso639-filter,0.6046511627906976,0.6046511627906976,0.627906976744186,0.6046511627906976,0.6046511627906976,0.5581395348837209,0.5813953488372093,0.627906976744186,0.0,0.5581395348837209,0.0,0.0
Average,0.8085759202038272,0.8085759202038272,0.8132270829945248,0.8085759202038272,0.6419092535371606,0.6326069279557652,0.6372580907464629,0.6465604163278582,0.21538461538461537,0.6076069279557652,0.0,0.0
Median,0.8209546267685803,0.8209546267685803,0.8232802081639291,0.8209546267685803,0.6618637176776712,0.6572125548869735,0.6595381362823223,0.66418929907302,0.03846153846153845,0.6447125548869734,0.0,0.0
