Project,Logistic Regression,Neural Net,Linear SVM,RBF SVM,Random Forest,Ridge Classifier,Gaussian Process,Nearest Neighbors,AdaBoost,Decision Tree,Naive Bayes,QDA
eBay_parallec,1.0,1.0,1.0,1.0,1.0,1.0,0.9761904761904762,0.9761904761904762,0.9523809523809524,0.9375,0.5,0.5
tracee_contextlogger,0.9302884615384616,0.9302884615384616,0.9240384615384616,0.9427884615384616,0.9302884615384616,0.9240384615384616,0.9302884615384616,0.9427884615384616,0.5384615384615384,0.9240384615384616,0.5,0.5
jMotif_GI,0.9107142857142858,0.9107142857142858,0.8928571428571429,0.5,0.5,0.494047619047619,0.9107142857142858,0.5,0.494047619047619,0.4523809523809524,0.5,0.5
jMotif_SAX,0.8374844333748442,0.8374844333748442,0.8374844333748442,0.8374844333748442,0.8409090909090908,0.8374844333748442,0.8409090909090908,0.8409090909090908,0.5,0.8409090909090908,0.5,0.5
ksclarke_solr-iso639-filter,0.7742709486895534,0.8023255813953488,0.786452565522333,0.7790697674418605,0.7827611664820968,0.7742709486895534,0.7943890734588409,0.7467700258397932,0.4682539682539682,0.7711332595053526,0.5,0.5
Average,0.890551625863429,0.896162552404588,0.8881665206585563,0.8118685324710334,0.81079174378593,0.8059682925300956,0.890498277562231,0.8013316108955644,0.5906288156288156,0.7851923528667715,0.5,0.5
Median,0.9006329557888574,0.9034384190594369,0.8905118317578495,0.8246764829229388,0.8258504173475104,0.8217263629524699,0.9006062816382584,0.8211203509023276,0.5192307692307692,0.8130507218879311,0.5,0.5
